text,label
"Thank you so much bhai",not offensive
"bhen ke lode",offensive
"bh3n k3 l0d3",offensive
"madarchod saale",offensive
"madrch0d harami",offensive
"bhenchod tu mar ja",offensive
"bc tera baap hu",offensive
"bhen ke takke",offensive
"chutiya mat ban",offensive
"chut!ye aadmi",offensive
"randi ka baccha",offensive
"r@ndi rona band kar",offensive
"teri maa ki chut",offensive
"t3ri m@ ki ch*t",offensive
"gandu insaan",offensive
"g@ndu kahi ka",offensive
"lawde lag gaye tere",offensive
"l0d3 pe thappad",offensive
"behen ke lund",offensive
"bh3n k3 lund",offensive
"sala kutta",offensive
"s@la suar ka baccha",offensive
"harami aadmi",offensive
"h@r@mi zad",offensive
"chut marike",offensive
"ch*t m@rik3",offensive
"bhosdike",offensive
"bhosdi ke",offensive
"bh0sd!k3",offensive
"teri behen ki chut",offensive
"t3ri b3hn ki ch*t",offensive
"maa chuda",offensive
"m@ chud@",offensive
"randwe ke aulad",offensive
"r@ndw3 k3 @ulad",offensive
"chodu bhag",offensive
"ch0du nahi toh kya",offensive
"lund le le",offensive
"l*nd choos",offensive
"gaand mara",offensive
"g@@nd fata",offensive
"kutte ki maut marega",offensive
"kutt3 ki dum",offensive
"saale suar",offensive
"s@@le haramkhor",offensive
"bakchodi mat kar",not offensive
"abe yaar chill kar",not offensive
"kya bol raha hai tu",not offensive
"bhai please samjha kar",not offensive
"good morning bro",not offensive
"love you yaar",not offensive
"teri jai ho",not offensive
"bhai mast kaam kiya",not offensive
"wah kya baat hai",not offensive
"shabash mere sher",not offensive
"teri maa ka bharosa",offensive
"t3ri m@ k@ bh@r0s@",offensive
"chutiya banaya mujhe",offensive
"ch*t!y@ b@n@y@",offensive
"bhen ke laude pe dance",offensive
"bh3n k3 l@ud3 p3",offensive
"madarchod company",offensive
"m@drch0d c0mp@ny",offensive
"lund khajoor",offensive
"l*nd topi",offensive
"gaand mein danda",offensive
"g@@nd m3in b@mboo",offensive
"bhosda tight hai kya",offensive
"bh0sd@ t!ght",offensive
"randi baaz",offensive
"r@ndi khana",offensive
"kutte ki tarah bhonk",offensive
"kutt3 ki p00ch",offensive
"saale napunsak",offensive
"s@@le jh@ntu",offensive
"jhantu insaan",offensive
"jhaant ke baal",offensive
"jh@@t k3 pissoo",offensive
"chut ka pujari",offensive
"ch*t k@ puj@ri",offensive
"bhadwa ban gaya",offensive
"bh@dw@ dalaal",offensive
"teri gaand jalti hai",offensive
"t3ri g@@nd j@lti",offensive
"maa ki kirkiri",offensive
"m@ ki aankh",offensive
"behen ki laudi",offensive
"bh3n ki l@udi",offensive
"lund pakad ke baith",offensive
"l*nd chaba ja",offensive
"chutiye ka dimag",offensive
"ch*t!y3 k@ d!m@g",offensive
"madarchod politics",offensive
"madrch0d neta",offensive
"bhai tera swag,not offensive
"mast hai re tu",not offensive
"yaar tu king hai",not offensive
"bhai ek selfie le le",not offensive
"good night bro",not offensive
"happy birthday bhai",not offensive
"teri jai ho veere",not offensive
"changa lagda tu",not offensive
"bhai tu top hai",not offensive
"love from india",not offensive
"teri behen chod di",offensive
"t3ri b3hn ch0d di",offensive
"madarchod system",offensive
"m@drch0d g0vt",offensive
"chut ka diwana",offensive
"ch*t k@ bhagat",offensive
"bhosdike aaja",offensive
"bh0sd!k3 p3l3ng3",offensive
"randi rona start",offensive
"r@ndi n@ch",offensive
"gandu log",offensive
"g@ndu party",offensive
"lawde pe tattoo",offensive
"l0d3 l@swag",offensive
"behen ke lund ka juice",offensive
"bh3n k3 l*nd juice",offensive
"sala hijda",offensive
"s@la chhakka",offensive
"harami zaade",offensive
"h@r@mi ki @ulad",offensive
"chut mein mirchi",offensive
"ch*t m3in danda",offensive
"bhadwe ki aulaad",offensive
"bh@dw3 k3 p1ll3",offensive
"teri maa randi hai",offensive
"t3ri m@ r@ndi",offensive
"chodu company",offensive
"ch0du bhagat",offensive
"lund choos le",offensive
"l*nd lele thokke",offensive
"gaand phat gayi",offensive
"g@@nd ph@@t gayi",offensive
"kutte ki jhaante",offensive
"kutt3 k3 b@al",offensive
"saale bhadwe",offensive
"s@@le th3kedar",offensive
"jhantu ka chashma",offensive
"jhaant ka jhanda",offensive
"chut ka chakkar",offensive
"ch*t k@ ch0re",offensive
"bhosdi wale baba",offensive
"bh0sd! w@l3",offensive
"randwa aadmi",offensive
"r@ndw@ s@l@",offensive
"teri gaand mein keede",offensive
"t3ri g@@nd m3in k33d3",offensive
"maa chodne wala",offensive
"m@ ch0dn3 w@l@",offensive
"behen ka yaar",offensive
"bh3n k@ l0ver",offensive
"lund topi drama",offensive
"l*nd k3 p@gl@p@nti",offensive
"chutiya kahinka",offensive
"ch*t!y@ k@hi k@",offensive
"madarchod traffic",offensive
"madrch0d police",offensive
"bhai tu legend hai",not offensive
"good job mere yaar",not offensive
"shabash sher",not offensive
"tu toh badshah hai",not offensive
"mast plan hai bhai",not offensive
"love you bro",not offensive
"tera swag alag hai",not offensive
"party de bhai aaj",not offensive
"bhai tu best hai",not offensive
"respect button dabaya",not offensive
"madarchod weather",offensive
"m@drch0d garmi",offensive
"chutiya traffic jam",offensive
"ch*t!y@ l0g",offensive
"bhen ke lode drivers",offensive
"bh3n k3 l0d3 r@st3",offensive
"randi ki tarah gaadi chala",offensive
"r@ndi r0n@ band kar",offensive
"gandu auto wala",offensive
"g@ndu riksh@w@l@",offensive
"saale haramkhor",offensive
"s@@le bh0sd!k3",offensive
"teri maa ka bhosda",offensive
"t3ri m@ k@ bh0sd@",offensive
"chut mein aag laga di",offensive
"ch*t m3in th00k",offensive
"lund pe latak ja",offensive
"l*nd ch00s le s@l3",offensive
"gaand marwa le",offensive
"g@@nd ph@t gayi teri",offensive
"bhadwe ki nasal",offensive
"bh@dw3 k3 p1ll3",offensive
"kutte ki tarah bhag",offensive
"kutt3 k! j3s3 r0",offensive
"hijde ki aulaad",offensive
"chh@kk3 k1 @ul@d",offensive
"jhantu ka jhanda",offensive
"jhaant ke baal uga",offensive
"chut ka churan bechta hai",offensive
"ch*t k@ m@ss@l@",offensive
"madarchod boss",offensive
"m@drch0d m@n@g3r",offensive
"teri behen randi hai",offensive
"t3ri b3hn r@ndi h@",offensive
"bhosdike tu kya ukhaad lega",offensive
"bh0sd!k3 t3r! @uk@@t",offensive
"lawde ke baal",offensive
"l0d3 k3 b@@l",offensive
"chodu kahin ka",offensive
"ch0du n@kk@",offensive
"teri gaand faad dunga",offensive
"t3ri g@@nd ph@@d d00ng@",offensive
"maa chudane aa ja",offensive
"m@ chudw@ l3 b3t@",offensive
"behenchod society",offensive
"bh3nch0d n3ighb0ur",offensive
"randwe ke jaisa dikhta hai",offensive
"r@ndw3 s@ d!kht@",offensive
"gandu friends",offensive
"g@ndu gr0up",offensive
"chutiye log yaha",offensive
"ch*t!y3 p3opl3",offensive
"bhen ke takke pe thumka",offensive
"bh3n k3 t@kk3 p3",offensive
"madarchod rules",offensive
"madrch0d l@w",offensive
"teri maa ko pel dunga",offensive
"t3ri m@ k0 p3l3ng3",offensive
"bhosdi ka tattoo",offensive
"bh0sd! k@ n@kk@",offensive
"saala napunsak",offensive
"s@@l@ p0w3rl3ss",offensive
"harami ka baccha",offensive
"h@r@m! k! @ul@d",offensive
"chut ka pujari ban gaya",offensive
"ch*t k@ bh@kt",offensive
"lund lele thok ke",offensive
"l*nd p@k@d l3",offensive
"gaand mein bamboo",offensive
"g@@nd m3!n d@nd@",offensive
"kuttiya ki tarah chillati hai",offensive
"k*tt!y@ r0n@",offensive
"bhadwa dalal",offensive
"bh@dw@ br0k3r",offensive
"teri gaand jal rahi hai",offensive
"t3ri g@@nd j@l r@h!",offensive
"maa ka bhadwa",offensive
"m@ k@ s0g",offensive
"behen ki chutiya",offensive
"bh3n ch*t!y@",offensive
"chut mara re",offensive
"ch*t ph@@d d!@",offensive
"randi khana chalega kya",offensive
"r@ndi b@z@@r",offensive
"gand phat gayi teri",offensive
"g@@nd ph@t gay!",offensive
"saale kamine",offensive
"s@@le k@m!n3",offensive
"jhant ke pissu",offensive
"jh@@t k3 p!ss*",offensive
"chutiye ka saga",offensive
"ch*t!y3 k! n@sl",offensive
"madarchod teacher",offensive
"m@drch0d pr0f",offensive
"teri behen ko chod do",offensive
"t3ri b3hn k0 p3l",offensive
"bhosdike pel denge",offensive
"bh0sd!k3 m@r3ng3",offensive
"lawde lagao sab",offensive
"l0d3 l@g@0",offensive
"behen ke lund ka swag",offensive
"bh3n k3 l*nd sw@g",offensive
"sala suar ka baccha",offensive
"s@l@ p!g k! @ul@d",offensive
"harami log",offensive
"h@r@m! p@rt!",offensive
"chut mein keede",offensive
"ch*t m3!n k33d3",offensive
"bhadwe ka business",offensive
"bh@dw3 k@ dh@nd@",offensive
"teri maa ki aankh",offensive
"t3ri m@ k! ch*t",offensive
"chodu bhag ja yaha se",offensive
"ch0du bh@g s@l@",offensive
"lund choosne wali",offensive
"l*nd l3 l3 b3t!",offensive
"gaand faad dunga",offensive
"g@@nd ph0d d00ng@",offensive
"kutte ki dum tedhi",offensive
"kutt3 k! p00ch",offensive
"saale tharki",offensive
"s@@le r@p!st",offensive
"jhantu insaan",offensive
"jhaant ka chashma",offensive
"chut ka chakkar babu bhaiya",offensive
"ch*t k@ dh@nd@",offensive
"bhosdi wale",offensive
"bh0sd! w@l3",offensive
"randwa sala",offensive
"r@ndw@ kutt@",offensive
"teri gaand mein mirchi",offensive
"t3ri g@@nd m3!n l@nk@",offensive
"maa chod diya",offensive
"m@ ch0d d!y@",offensive
"behen ka loda",offensive
"bh3n k@ l0d@",offensive
"lund pakad ke nach",offensive
"l*nd dh0 k3 n@ch",offensive
"chutiya ban gaya",offensive
"ch*t!y@ h0 g@y@",offensive
"madarchod game",offensive
"madrch0d s3rv3r",offensive
"bhai tu rockstar hai",not offensive
"mast hai tu yaar",not offensive
"keep it up bro",not offensive
"tu toh champ hai",not offensive
"bhai respect",not offensive
"love from delhi",not offensive
"tera style mast hai",not offensive
"party hard bro",not offensive
"tu mera bhai hai",not offensive
"good vibes only",not offensive
"teri maa randi hai sale",offensive
"t3ri m@ r@ndi h@! s@l3",offensive
"bhosdike mar ja",offensive
"bh0sd!k3 m@r j@",offensive
"chutiya kahin ke",offensive
"ch*t!y@ k@hi k@",offensive
"randi baazi band kar",offensive
"r@ndi n@ch b@nd",offensive
"gandu mat ban",offensive
"g@ndu b@nn@ b@nd",offensive
"lawde pe laat",offensive
"l0d3 p3 k!ck",offensive
"behen ke laude",offensive
"bh3n k3 l@ud3",offensive
"sala harami",offensive
"s@@l@ h@r@mz@d@",offensive
"chut marwa raha hai",offensive
"ch*t ph@tw@ r@h@",offensive
"bhadwe ki party",offensive
"bh@dw3 k! p@rt!",offensive
"teri gaand phati padi hai",offensive
"t3ri g@@nd j@l r@h!",offensive
"maa ka bhosda",offensive
"m@ k@ bh0sd@",offensive
"behen ki chut mein aag",offensive
"bh3n k! ch*t m3!n @g",offensive
"lund topi pehen le",offensive
"l*nd k! t0p!",offensive
"chutiye ka rona",offensive
"ch*t!y3 k@ dr@m@",offensive
"madarchod exam",offensive
"m@drch0d p@p3r",offensive
"teri behen ka bhosda",offensive
"t3ri b3hn k@ bh0sd@",offensive
"chodu log",offensive
"ch0du gr0up",offensive
"gaand mara denge",offensive
"g@@nd ph0d3ng3",offensive
"kutte ki jhaant",offensive
"kutt3 k3 b@@l",offensive
"saale bhadwe log",offensive
"s@@le th3k3d@r",offensive
"jhantu ka saga",offensive
"jhaant ka jhanda lehra",offensive
"chut ka churan",offensive
"ch*t k@ p0wd3r",offensive
"bhosdi ke tatt",offensive
"bh0sd! k3 n@kk@",offensive
"randwe ka business",offensive
"r@ndw3 k@ k@m",offensive
"teri gaand faad di",offensive
"t3ri g@@nd t00t gay!",offensive
"maa chodne ka shauk",offensive
"m@ ch0dn3 k@ pl@n",offensive
"behen ka yaar ban gaya",offensive
"bh3n k@ l0v3r",offensive
"lund khada ho gaya",offensive
"l*nd st@nd!ng",offensive
"chutiya politics",offensive
"ch*t!y@ n3t@",offensive
"madarchod media",offensive
"madrch0d n3ws",offensive
"bhai mast reel banaya",not offensive
"tu toh pro hai",not offensive
"bhai ek hug de de",not offensive
"good morning mere sher",not offensive
"tera din shubh ho",not offensive
"keep shining bro",not offensive
"tu mera idol hai",not offensive
"mast joke maara",not offensive
"love you 3000",not offensive
"respect from heart",not offensive
"teri maa ko salaam",not offensive
"bhai tu dil jeet leta hai",not offensive
"shabash veere",not offensive
"tu toppa hai",not offensive
"bhai tu no.1 hai",not offensive
"mast vibe hai aaj",not offensive
"party on bhai",not offensive
"tu mera real hero",not offensive
"good night king",not offensive
"tera jahaan safe rahe",not offensive
"bhen ke lode mat bol",offensive
"bh3n k3 l0d3 b@nd",offensive
"chutiya mat ban yaar",offensive
"ch*t!y@ b@nn@ b@nd",offensive
"randi rona mat kar",offensive
"r@ndi dr@m@ b@nd",offensive
"gandu log band karo",offensive
"g@ndu b@t3n b@nd",offensive
"lawde lag rahe hain",offensive
"l0d3 l@g r@h3 h@!",offensive
"behen ke takke wale",offensive
"bh3n k3 t@kk3",offensive
"sale harami log",offensive
"s@@le k@m!n3",offensive
"chut marwa li tune",offensive
"ch*t ph@tw@ l!",offensive
"bhadwe ka adda",offensive
"bh@dw3 k! j@g@h",offensive
"teri gaand mein danda",offensive
"t3ri g@@nd m3!n b@mboo",offensive
"maa ka lafda",offensive
"m@ k@ ch0d@",offensive
"behen ki laudi hai kya",offensive
"bh3n k! l@ud!",offensive
"lund le madarchod",offensive
"l*nd l3 m@drch0d",offensive
"chutiye ka dimag nahi hai",offensive
"ch*t!y3 k@ p@gl@p@nti",offensive
"madarchod system hai",offensive
"madrch0d r00l3z",offensive
"teri behen ki izaat",offensive
"t3ri b3hn k! ch*t",offensive
"chodu company hai",offensive
"ch0du c0rp0r@t3",offensive
"gaand phat ti hai teri",offensive
"g@@nd j@l r@h!",offensive
"kutte ki aulaad",offensive
"kutt3 k! n@sl",offensive
"saale tharki insaan",offensive
"s@@le r@p!st m!nd",offensive
"jhantu ka chashma pehna hai",offensive
"jhaant ka spectacle",offensive
"chut ka diwana ban gaya",offensive
"ch*t k@ @sh!q",offensive
"bhosdi ke pel denge",offensive
"bh0sd! ph0d3ng3",offensive
"randwe ke tatt",offensive
"r@ndw3 k3 p!ll3",offensive
"teri gaand mein keeda",offensive
"t3ri g@@nd m3!n k!d@",offensive
"maa chud gayi teri",offensive
"m@ t00t gay! teri",offensive
"behen ka bhadwa",offensive
"bh3n k@ bh@dw@",offensive
"lund choos le saale",offensive
"l*nd ch00s s@@l3",offensive
"chutiya banata hai",offensive
"ch*t!y@ b@n@t@",offensive
"madarchod cricket team",offensive
"madrch0d pl@y3rs",offensive
"bhai tu sach mein best hai",not offensive
"tera talent alag level",not offensive
"keep killing it bro",not offensive
"tu mera proud hai",not offensive
"bhai tu inspiration",not offensive
"mast energy hai teri",not offensive
"good luck champ",not offensive
"tu toh goat hai",not offensive
"bhai hug de du?",not offensive
"tera future bright hai",not offensive
"madarchod future",offensive
"m@drch0d dr3@ms",offensive
"chutiya dreams hai tere",offensive
"ch*t!y@ h0p3s",offensive
"bhen ke lode dreams",offensive
"bh3n k3 l0d3 w@l3",offensive
"randi ambitions",offensive
"r@ndi g0@ls",offensive
"gandu plans",offensive
"g@ndu str@t3gy",offensive
"lawde lag gaye plans",offensive
"l0d3 ph00t gay3",offensive
"behen ke takke goals",offensive
"bh3n k3 t@kk3",offensive
"sale harami dreams",offensive
"s@@le k@m!n3 h0p3s",offensive
"chut marwa raha future",offensive
"ch*t ph@tw@ r@h@",offensive
"bhadwe ke sapne",offensive
"bh@dw3 k3 dr3@ms",offensive
"teri gaand jalegi",offensive
"t3ri g@@nd j@l3g!",offensive
"maa ka sapna toot gaya",offensive
"m@ k@ dr3@m t00t@",offensive
"behen ki ijjat gayi",offensive
"bh3n k! ch*t ph@@t!",offensive
"lund le apne sapno ka",offensive
"l*nd p@k@d k3 dr3@m",offensive
"chutiye ke sapne",offensive
"ch*t!y3 k! @sh@",offensive
"madarchod ambitions",offensive
"madrch0d c@r33r",offensive
"teri behen ka career",offensive
"t3ri b3hn k@ bh0sd@",offensive
"chodu career",offensive
"ch0du j0b",offensive
"gaand mara career",offensive
"g@@nd ph@@d c@r33r",offensive
"kutte ke sapne",offensive
"kutt3 k! h0p3s",offensive
"saale tharki dreams",offensive
"s@@le r@p!st dr3@ms",offensive
"jhantu ka future",offensive
"jhaant ka career",offensive
"chut ka business",offensive
"ch*t k@ st@rtup",offensive
"bhosdi ka plan",offensive
"bh0sd! k3 g0@ls",offensive
"randwe ka startup",offensive
"r@ndw3 k@ c0mp@ny",offensive
"teri gaand ka business",offensive
"t3ri g@@nd k@ dh@nd@",offensive
"maa chod di ambition",offensive
"m@ ch0d! @mb!t!0n",offensive
"behen ka lund ambition",offensive
"bh3n k3 l*nd g0@ls",offensive
"lund topi career",offensive
"l*nd k! t0p! j0b",offensive
"chutiya startup",offensive
"ch*t!y@ c0mp@ny",offensive
"madarchod boss ka plan",offensive
"bhai tu forever king",not offensive
"tu mera real bhai",not offensive
"tera smile mast hai",not offensive
"good vibes bhai",not offensive
"tu mera motivation",not offensive
"keep rocking veere",not offensive
"bhai tu dil se acha",not offensive
"tera nature best",not offensive
"love you mere yaar",not offensive
"tu mera sabse best",not offensive
"teri maa ko randi bana ke Lal Quile pe chodunga",offensive
"tere baap ka lund kaat ke tere muh mein daal dunga",offensive
"tere baap ka lund kaat ke uski jagah chut fit kar dunga",offensive
"teri behen ko sadak pe nanga karke cycle rickshaw walon se chudwayenge",offensive
"teri maa ke muh mein mera lund daal ke Red Fort ka jhanda bana dunga",offensive
"tere baap ko hijra bana ke Dance India Dance mein bhej denge",offensive
"teri ammi ko burqa utarwa ke Haji Ali ke bahar nachwayenge",offensive
"teri maa ki chut mein Diwali ke patakhe phod dunga",offensive
"tere baap ke gaand mein rocket daal ke Chandrayaan-4 launch karunga",offensive
"teri behen ko porn set pe bhej ke daily gangbang karwayenge",offensive
"tere pure khandan ki aulaad ko condom factory mein naukar laga dunga",offensive
"teri maa ko brothel khol ke uska opening ceremony karunga",offensive
"tere baap ka sar kaat ke football bana ke Messi se sign karwayenge",offensive
"teri behen ke boobs pe Tata Salt daal ke chaatunga",offensive
"tere baap ko kutta bana ke uski shaadi teri maa se karwa dunga",offensive
"teri maa ki chut mein Agra ka Taj Mahal bana dunga",offensive
"tere baap ka lund kaat ke pencil bana ke tere exam mein use karunga",offensive
"teri behen ko GB Road pe khada karke free mein chudne ko bolunga",offensive
"tere baap ke gaand mein Eiffel Tower ghusa dunga",offensive
"teri maa ko nagpur ke santre ki tarah nichod ke juice bana dunga",offensive
"tere baap ka lund kaat ke usse selfie stick bana dunga",offensive
"teri behen ki chut mein petrol daal ke matchstick laga dunga",offensive
"tere pure parivaar ko zoo mein daal ke ticket laga dunga",offensive
"teri maa ke saath honeymoon pe jaake usko pregnant kar dunga",offensive
"tere baap ko eunuch bana ke baraat mein nachwayenge",offensive
"teri behen ke saath train mein upper berth pe rape karunga",offensive
"tere baap ka lund grill karke biryani mein daal dunga",offensive
"teri maa ki gaand mein dynamite daal ke blast kar dunga",offensive
"teri behen ko Kamathipura bhej ke daily 50 customer fix kar dunga",offensive
"tere baap ke balls kaat ke table tennis khelunga",offensive
"teri maa ko nanga karke India Gate pe selfie lunga",offensive
"tere baap ka lund kaat ke usse flute bana ke Bajaungi",offensive
"teri behen ki chut mein JCB ghusa dunga",offensive
"tere baap ko hijra bana ke Bigg Boss mein daal dunga",offensive
"teri maa ke boobs kaat ke football world cup khelunga",offensive
"tere baap ke gaand mein bulldozer ghusa ke road bana dunga",offensive
"teri behen ko sadak pe nanga karke live stream karunga",offensive
"tere baap ka lund kaat ke usse pen bana ke love letter likhunga",offensive
"teri maa ki chut mein Holi ke rang daal ke rangoli bana dunga",offensive
"tere baap ko kutta bana ke uski shaadi teri behen se karwa dunga",offensive
"teri behen ke saath Delhi metro mein hi pel dunga",offensive
"tere baap ke sar pe lund rakh ke oath lunga",offensive
"teri maa ko randi bana ke uska OnlyFans khol dunga",offensive
"tere baap ka lund kaat ke usse toothbrush bana dunga",offensive
"teri behen ki gaand mein rocket daal ke Mars bhej dunga",offensive
"tere pure khandan ko randi khane mein naukri laga dunga",offensive
"teri maa ke muh mein lund daal ke national anthem gaunga",offensive
"tere baap ko napunsak bana ke viagra ad mein daal dunga",offensive
"teri behen ko school bus mein hi gangbang karwa dunga",offensive
"tere baap ka lund kaat ke usse earphone bana dunga",offensive
"teri maa ki chut mein Diwali ka anar jala dunga",offensive
"tere baap ke gaand mein Statue of Unity ghusa dunga",offensive
"teri behen ko nanga karke Parliament mein bitha dunga",offensive
"tere baap ka lund kaat ke usse straw bana ke juice piyunga",offensive
"teri maa ko burkha utarwa ke ramp walk karwa dunga",offensive
"tere baap ko hijra bana ke baraat mein lead karwa dunga",offensive
"teri behen ki chut mein bulldozer ghusa dunga",offensive
"tere baap ke balls kaat ke popcorn bana dunga",offensive
"teri maa ko nanga karke Instagram pe daal dunga",offensive
"tere baap ka lund kaat ke usse keychain bana dunga",offensive
"teri behen ke boobs pe Swastika bana dunga",offensive
"tere baap ke gaand mein Qutub Minar ghusa dunga",offensive
"teri maa ki chut mein Ganga jal daal ke snan karunga",offensive
"tere baap ko kutta bana ke uski leash teri maa ke haath mein dunga",offensive
"teri behen ko red light area ka brand ambassador bana dunga",offensive
"tere baap ka lund kaat ke usse bookmark bana dunga",offensive
"teri maa ke saath suhaagraat mana ke usko pregnant karunga",offensive
"tere baap ke sar kaat ke usse bowling ball bana dunga",offensive
"teri behen ki gaand mein rocket daal ke ISRO join karwa dunga",offensive
"tere pure parivaar ko randikhana kholne ka license de dunga",offensive
"teri maa ke boobs kaat ke stress ball bana dunga",offensive
"tere baap ka lund kaat ke usse toothpick bana dunga",offensive
"teri behen ko nanga karke Jantar Mantar pe protest karwa dunga",offensive
"tere baap ke gaand mein Burj Khalifa ghusa dunga",offensive
"teri maa ki chut mein firecracker daal ke Happy Diwali bolunga",offensive
"tere baap ko eunuch bana ke Dance Deewane mein bhej dunga",offensive
"teri behen ke saath local train ke toilet mein pel dunga",offensive
"tere baap ka lund kaat ke usse flute bana ke Titanic song bajwaunga",offensive
"teri maa ko randi bana ke uska rate card print karwa dunga",offensive
"tere baap ke balls kaat ke table tennis tournament karwa dunga",offensive
"teri behen ko GB Road ka opening ceremony karwa dunga",offensive
"tere baap ka lund kaat ke usse earbud bana dunga",offensive
"teri maa ki gaand mein rocket daal ke Elon Musk ko tag karunga",offensive
"tere baap ko hijra bana ke Shaadi Mubarak reality show mein daal dunga",offensive
"teri behen ki chut mein JCB daal ke construction karunga",offensive
"tere baap ke sar pe lund rakh ke national anthem gaunga",offensive
"teri maa ko nanga karke Facebook live kar dunga",offensive
"tere baap ka lund kaat ke usse pen drive bana dunga",offensive
"teri behen ke boobs pe Maggi masala daal ke khaunga",offensive
"tere baap ke gaand mein bulldozer ghusa ke expressway bana dunga",offensive
"teri maa ki chut mein Holi ka pichkari ghusa dunga",offensive
"tere baap ko kutta bana ke uski shaadi teri behen se kara dunga",offensive
"teri behen ko sadak pe nanga karke TikTok banwa dunga",offensive
"tere baap ka lund kaat ke usse selfie stick bana dunga",offensive
"teri maa ke saath Goa beach pe honeymoon karunga",offensive
"tere baap ke balls kaat ke bouncy ball bana dunga",offensive
"teri behen ki gaand mein rocket daal ke NASA join karwa dunga",offensive
"tere pure khandan ko brothel ka franchise de dunga",offensive
"teri maa ke muh mein lund daal ke Happy Birthday gaunga",offensive
"tere baap ko napunsak bana ke Fair & Lovely ad mein daal dunga",offensive
"teri behen ke saath Oyo room book karke pura din pelunga",offensive
"tere baap ka lund kaat ke usse USB bana dunga",offensive
"teri maa ki chut mein Diwali ka rocket jala dunga",offensive
"tere baap ke gaand mein Statue of Liberty ghusa dunga",offensive
"teri behen ko nanga karke Parliament ke bahar protest karwa dunga",offensive
"tere baap ka lund kaat ke usse straw bana dunga",offensive
"teri maa ko burkha utarwa ke Miss India banwa dunga",offensive
"tere baap ko eunuch bana ke baraat ka lead dancer bana dunga",offensive
"teri behen ki chut mein bulldozer ghusa ke road bana dunga",offensive
"tere baap ke balls kaat ke popcorn machine mein daal dunga",offensive
"teri maa ko nanga karke Instagram reels banwa dunga",offensive
"tere baap ka lund kaat ke usse keyring bana dunga",offensive
"teri behen ke boobs pe Om tattoo karwa dunga",offensive
"tere baap ke gaand mein Qutub Minar ghusa dunga",offensive
"teri maa ki chut mein Ganga jal daal ke paap dhulwa dunga",offensive
"tere baap ko kutta bana ke uski leash teri maa ko pakda dunga",offensive
"teri behen ko Kamathipura ka brand ambassador bana dunga",offensive
"tere baap ka lund kaat ke usse bookmark bana dunga",offensive
"teri maa ke saath suhaagraat mana ke triple talaq de dunga",offensive
"tere baap ke sar kaat ke usse cricket ball bana dunga",offensive
"teri behen ki gaand mein rocket daal ke SpaceX join karwa dunga",offensive
"tere pure parivaar ko randi khane ka manager bana dunga",offensive
"teri maa ke boobs kaat ke squash ball bana dunga",offensive
"tere baap ka lund kaat ke usse toothpick bana dunga",offensive
"teri behen ko nanga karke Jantar Mantar pe dharna dilwa dunga",offensive
"tere baap ke gaand mein Burj Khalifa ghusa dunga",offensive
"teri maa ki chut mein firecracker daal ke Happy New Year bolunga",offensive
"tere baap ko hijra bana ke Indian Idol mein bhej dunga",offensive
"teri behen ke saath local train ke general dabbe mein pelunga",offensive
"tere baap ka lund kaat ke usse flute bana ke Harry Potter theme bajwaunga",offensive
"teri maa ko randi bana ke uska menu card print karwa dunga",offensive
"tere baap ke balls kaat ke gulli danda khelunga",offensive
"teri behen ko GB Road ka opening dancer bana dunga",offensive
"tere baap ka lund kaat ke usse earbud bana dunga",offensive
"teri maa ki gaand mein rocket daal ke Jeff Bezos ko tag karunga",offensive
"tere baap ko eunuch bana ke Splitsvilla mein daal dunga",offensive
"teri behen ki chut mein JCB daal ke mining karunga",offensive
"tere baap ke sar pe lund rakh ke Rashtrapati Bhavan mein oath lunga",offensive
"teri maa ko nanga karke YouTube channel khol dunga",offensive
"tere baap ka lund kaat ke usse pen drive bana dunga",offensive
"teri behen ke boobs pe Amul butter laga ke chaatunga",offensive
"tere baap ke gaand mein bulldozer ghusa ke highway bana dunga",offensive
"teri maa ki chut mein Holi ka pichkari ghusa ke rang daal dunga",offensive
"tere baap ko kutta bana ke uski shaadi teri maa se karwa dunga phir",offensive
"teri behen ko sadak pe nanga karke Instagram live karunga",offensive
"tere baap ka lund kaat ke usse selfie stick bana dunga phir",offensive
"teri maa ke saath Manali mein honeymoon kar ke usko chod ke aaunga",offensive
"tere baap ke balls kaat ke bouncy castle bana dunga",offensive
"teri behen ki gaand mein rocket daal ke Chand pe bhej dunga",offensive
"tere pure khandan ko brothel ka chain kholne ka contract de dunga",offensive
"teri maa ke muh mein lund daal ke Happy Holi bolunga",offensive
"offensive
"tere baap ko napunsak bana ke Viagra ka brand ambassador bana dunga",offensive
"teri behen ke saath Oyo mein 24 ghante non-stop pelunga",offensive
"tere baap ka lund kaat ke usse USB-C cable bana dunga",offensive
"teri maa ki chut mein Diwali ka fountain anar jala dunga",offensive
"tere baap ke gaand mein Statue of Unity ghusa ke tourism badha dunga",offensive
"teri behen ko nanga karke Rajghat pe Gandhi ji ke saamne nachwa dunga",offensive
"tere baap ka lund kaat ke usse straw bana ke cold drink piyunga",offensive
"teri maa ko burkha utarwa ke Bigg Boss mein daal dunga",offensive
"tere baap ko hijra bana ke baraat mein nachne ko bol dunga",offensive
"teri behen ki chut mein bulldozer ghusa ke flyover bana dunga",offensive
"tere baap ke balls kaat ke stress ball bana dunga",offensive
"teri maa ko nanga karke TikTok banwa ke viral kar dunga",offensive
"tere baap ka lund kaat ke usse keychain bana dunga phir",offensive
"teri behen ke boobs pe 786 likh ke mosque mein chadhwa dunga",offensive
"tere baap ke gaand mein Taj Mahal ghusa dunga",offensive
"teri maa ki chut mein Ganga jal daal ke paap dho dunga",offensive
"tere baap ko kutta bana ke uski potty teri maa se saaf karwaunga",offensive
"teri behen ko Kamathipura ka CEO bana dunga",offensive
"tere baap ka lund kaat ke usse bookmark bana dunga phir",offensive
"teri maa ke saath suhaagraat mana ke usko maa bana dunga",offensive
"tere baap ke sar kaat ke usse volleyball bana dunga",offensive
"teri behen ki gaand mein rocket daal ke Blue Origin join karwa dunga",offensive
"tere pure parivaar ko randi khane ka franchise de dunga",offensive
"teri maa ke boobs kaat ke tennis ball bana dunga",offensive
"tere baap ka lund kaat ke usse toothpick bana dunga phir",offensive
"teri behen ko nanga karke India Gate pe selfie point bana dunga",offensive
"tere baap ke gaand mein Burj Khalifa ghusa dunga phir",offensive
"teri maa ki chut mein firecracker daal ke Happy Diwali bol dunga",offensive
"tere baap ko hijra bana ke Dance+ mein bhej dunga",offensive
"teri behen ke saath DTC bus ke last seat pe pel dunga",offensive
"tere baap ka lund kaat ke usse flute bana ke national anthem bajwa dunga",offensive
"teri maa ko randi bana ke uska rate 500/hr fix kar dunga",offensive
"tere baap ke balls kaat ke gulli cricket khelunga",offensive
"teri behen ko GB Road ka brand ambassador bana dunga phir",offensive
"tere baap ka lund kaat ke usse earbud bana dunga phir",offensive
"teri maa ki gaand mein rocket daal ke SpaceX ko bech dunga",offensive
"tere baap ko eunuch bana ke Roadies audition dilwa dunga",offensive
"teri behen ki chut mein JCB daal ke mining start kar dunga",offensive
"tere baap ke sar pe lund rakh ke PM banne ka sapna dekhunga",offensive
"teri maa ko nanga karke OnlyFans khol ke paise kamaunga",offensive
"tere baap ka lund kaat ke usse pen drive bana dunga phir",offensive
"teri behen ke boobs pe Amul doodh daal ke piyunga",offensive
"tere baap ke gaand mein bulldozer ghusa ke metro line bana dunga",offensive
"teri maa ki chut mein Holi ka pichkari ghusa ke rang barsa dunga",offensive
"tere baap ko kutta bana ke uski shaadi teri behen se karwa ke divorce dilwa dunga",offensive
"teri behen ko sadak pe nanga karke YouTube channel bana dunga",offensive
"tere baap ka lund kaat ke usse selfie stick bana dunga phir",offensive
"teri maa ke saath Kerala mein honeymoon kar ke usko pregnant kar dunga",offensive
"tere baap ke balls kaat ke bouncy ball bana dunga phir",offensive
"teri behen ki gaand mein rocket daal ke Mars mission karwa dunga",offensive
"tere pure khandan ko brothel ka chain kholne ka license de dunga",offensive
"teri maa ke muh mein lund daal ke Happy Birthday gaunga phir",offensive
"tere baap ko napunsak bana ke Fair & Lovely ka ad shoot karwa dunga",offensive
"teri behen ke saath Oyo mein 48 ghante non-stop pelunga",offensive
"tere baap ka lund kaat ke usse USB-C cable bana dunga phir",offensive
"teri maa ki chut mein Diwali ka fountain jala dunga",offensive
"tere baap ke gaand mein Statue of Unity ghusa ke tourism badha dunga",offensive
"teri behen ko nanga karke Rashtrapati Bhavan ke bahar protest karwa dunga",offensive
"tere baap ka lund kaat ke usse straw bana dunga phir",offensive
"teri maa ko burkha utarwa ke Miss World banwa dunga",offensive
"tere baap ko hijra bana ke baraat ka main dancer bana dunga",offensive
"teri behen ki chut mein bulldozer ghusa ke expressway bana dunga",offensive
"tere baap ke balls kaat ke stress ball bana dunga phir",offensive
"teri maa ko nanga karke TikTok pe viral kar dunga",offensive
"tere baap ka lund kaat ke usse keyring bana dunga phir",offensive
"teri behen ke boobs pe Swastik tattoo karwa dunga",offensive
"tere baap ke gaand mein Taj Mahal ghusa dunga",offensive
"teri maa ki chut mein Ganga jal daal ke paap dho dunga phir",offensive
"tere baap ko kutta bana ke uski leash teri maa ke haath mein dunga",offensive
"teri behen ko Kamathipura ka CEO bana dunga phir",offensive
"tere baap ka lund kaat ke usse bookmark bana dunga phir",offensive
"teri maa ke saath suhaagraat mana ke usko pregnant kar dunga phir",offensive
"tere baap ke sar kaat ke usse football bana dunga",offensive
"teri behen ki gaand mein rocket daal ke SpaceX join karwa dunga",offensive
"tere pure parivaar ko randi khane ka manager bana dunga",offensive
"teri maa ke boobs kaat ke squash ball bana dunga",offensive
"tere baap ka lund kaat ke usse toothpick bana dunga phir",offensive
"teri behen ko nanga karke India Gate pe selfie point bana dunga",offensive
"tere baap ke gaand mein Burj Khalifa ghusa dunga phir",offensive
"teri maa ki chut mein firecracker daal ke Happy Diwali bol dunga",offensive
"arey yaar thoda toh trust kar",not offensive
"bhai tu toh legend ban gaya","not offensive"
"ek number acting kar raha hai tu","not offensive"
"drama king kahinka","not offensive"
"arey chill kar bhai thandi ho ja","not offensive"
"tu toh bilkul filmy ho gaya hai","not offensive"
"bhai tu sach mein overacting karta hai","not offensive"
"haha nice try bro","not offensive"
"yeh toh bilkul bakchodi level hai","not offensive"
"bhai tu toh pro max ho gaya","not offensive"
"waah kya scene hai","not offensive"
"tu toh daily soap ka hero lag raha","not offensive"
"arey thoda reality mein aa ja","not offensive"
"bhai tu toh Oscar deserve karta hai","not offensive"
"yeh toh full Bollywood moment hai","not offensive"
"tu toh attention ka bhookha hai","not offensive"
"bhai tu toh reel star ban gaya","not offensive"
"haha tu toh bilkul comedian hai","not offensive"
"arey thoda volume down kar","not offensive"
"tu toh full nautanki kar raha hai","not offensive"
"bhai tu sach bol raha ya acting?","not offensive"
"yeh toh pura script likha hua lag raha","not offensive"
"tu toh daily new story leke aata hai","not offensive"
"bhai tu toh gossip queen hai","not offensive"
"arey yaar thoda sach bol na","not offensive"
"tu toh bilkul timepass machine hai","not offensive"
"haha tu toh full baklol hai","not offensive"
"bhai tu toh over smart ban raha","not offensive"
"yeh toh bilkul bakwas plan hai","not offensive"
"tu toh full attitude dikha raha hai","not offensive"
"arey thoda normal ho ja","not offensive"
"bhai tu toh bilkul filmy villain lag raha","not offensive"
"tu toh daily new bakchodi leke aata hai","not offensive"
"haha tu toh full jholer hai","not offensive"
"bhai tu toh bilkul kanjoos macchi hai","not offensive"
"arey yaar thoda kharcha kar na","not offensive"
"tu toh full kanjoos hai yaar","not offensive"
"bhai tu toh free mein bhi nahi aayega","not offensive"
"tu toh bilkul free ka maal pasand hai","not offensive"
"haha tu toh full bakait hai","not offensive"
"bhai tu toh time pe kabhi nahi aata","not offensive"
"arey late latif kahinka","not offensive"
"tu toh bilkul alarm clock ka dushman hai","not offensive"
"bhai tu toh full sleepyhead hai","not offensive"
"tu toh subah 12 baje uth ta hai","not offensive"
"haha tu toh full ullu ka pattha hai","not offensive"
"bhai tu toh bilkul bhulakkad hai","not offensive"
"tu toh cheezein bhool ke aata hai","not offensive"
"arey yaar phone kaha rakha tune?","not offensive"
"tu toh full zero memory hai","not offensive"
"bhai tu toh bilkul bakra ban gaya","not offensive"
"haha tu toh full bewakoof bana diya gaya","not offensive"
"tu toh bilkul seedha saadha hai yaar","not offensive"
"bhai tu toh full innocent lag raha","not offensive"
"arey tu sach mein itna bhola hai?","not offensive"
"tu toh bilkul desi daru peeta lag raha","not offensive"
"haha tu toh full nashe mein lag raha","not offensive"
"bhai tu toh bilkul high ho gaya","not offensive"
"tu toh full vibe killer hai yaar","not offensive"
"arey mood mat kharab kar","not offensive"
"tu toh bilkul boring ho gaya hai","not offensive"
"bhai tu toh full serious ho gaya","not offensive"
"tu toh ab bilkul uncle ban gaya","not offensive"
"haha tu toh full buddha lag raha","not offensive"
"bhai tu toh gym join kar le","not offensive"
"tu toh bilkul mota ho gaya yaar","not offensive"
"arey thoda workout kar le bhai","not offensive"
"tu toh full tummy dikha raha hai","not offensive"
"haha tu toh bilkul papa ban gaya","not offensive"
"bhai tu toh shaadi ke baad change ho gaya","not offensive"
"tu toh ab bilkul pati material hai","not offensive"
"arey biwi ke aage toh darrta hai","not offensive"
"tu toh full joru ka gulam ban gaya","not offensive"
"haha tu toh bilkul darpok hai","not offensive"
"bhai tu toh full darpok lag raha","not offensive"
"tu toh horror movie bhi nahi dekhta","not offensive"
"arey thoda himmat dikha yaar","not offensive"
"tu toh bilkul zero confidence hai","not offensive"
"bhai tu toh full shy type hai","not offensive"
"tu toh ladki se baat bhi nahi kar sakta","not offensive"
"haha tu toh full kanjus lover hai","not offensive"
"bhai tu toh date pe bhi free mein le jaayega","not offensive"
"tu toh bilkul cheap date wala hai","not offensive"
"arey thoda kharcha kar valentine pe","not offensive"
"tu toh full single hi reh jayega","not offensive"
"haha tu toh forever alone category mein","not offensive"
"bhai tu toh bilkul crush reject wala hai","not offensive"
"tu toh propose karne se darta hai","not offensive"
"arey thoda himmat kar yaar","not offensive"
"tu toh full loser lag raha aaj","not offensive"
"bhai tu toh exam mein fail ho gaya na?","not offensive"
"tu toh bilkul padhaku nahi hai","not offensive"
"haha tu toh full backbencher hai","not offensive"
"bhai tu toh bilkul topper nahi ban sakta","not offensive"
"tu toh full timepass karta hai class mein","not offensive"
"arey thoda padh le bhai","not offensive"
"tu toh bilkul zero marks layega","not offensive"
"haha tu toh full fail ho gaya","not offensive"
"bhai tu toh bilkul jobless hai abhi","not offensive"
"tu toh ghar baith ke reel dekhta rehta hai","not offensive"
"arey thoda kaam dhoondh le","not offensive"
"tu toh full unemployed youth hai","not offensive"
"haha tu toh bilkul berozgaar sher hai","not offensive"
"bhai tu toh resume bhi nahi banaya","not offensive"
"tu toh interview mein bhi fattu hai","not offensive"
"arey thoda confidence rakh","not offensive"
"tu toh full zero placement wala hai","not offensive"
"bhai tu toh bilkul lazy hai yaar","not offensive"
"tu toh bed pe hi pada rehta hai","not offensive"
"haha tu toh full alsi insaan hai","not offensive"
"bhai tu toh gym jaane ka naam nahi leta","not offensive"
"tu toh bilkul fitness zero hai","not offensive"
"arey thoda exercise kar le","not offensive"
"tu toh full tummy king hai","not offensive"
"haha tu toh bilkul motu patlu hai","not offensive"
"bhai tu toh diet pe kabhi nahi jayega","not offensive"
"tu toh pizza kha ke so jaata hai","not offensive"
"arey thoda healthy kha yaar","not offensive"
"tu toh full junk food lover hai","not offensive"
"bhai tu toh bilkul cooking zero hai","not offensive"
"tu toh maggi bhi nahi bana sakta","not offensive"
"haha tu toh full dependent hai","not offensive"
"bhai tu toh maa ke haath ka khana miss karta hai","not offensive"
"tu toh bilkul bachelor life jee raha","not offensive"
"arey kabhi kitchen mein ghus ja","not offensive"
"tu toh full mess food kha raha hai","not offensive"
"bhai tu toh bilkul pg life king hai","not offensive"
"tu toh weekend pe bhi soya rehta hai","not offensive"
"haha tu toh full weekend waste karta hai","not offensive"
"bhai tu toh series dekh ke time nikal deta hai","not offensive"
"tu toh bilkul Netflix ka addict hai","not offensive"
"arey thoda bahar nikal yaar","not offensive"
"tu toh full ghar ka kutta ban gaya","not offensive"
"bhai tu toh bilkul cabin crew ban gaya","not offensive"
"tu toh ghar se bahar nahi nikalta","not offensive"
"haha tu toh full introvert ho gaya","not offensive"
"bhai tu toh party bhi nahi aata","not offensive"
"tu toh bilkul antisocial ho gaya","not offensive"
"arey thoda logon se mil yaar","not offensive"
"tu toh full akela hi ghumta hai","not offensive"
"bhai tu toh bilkul zero friend circle hai","not offensive"
"tu toh weekend pe bhi akela rehta hai","not offensive"
"haha tu toh full single life enjoy kar raha","not offensive"
"bhai tu toh bilkul boring ho gaya hai","not offensive"
"tu toh plan banata hai aur cancel kar deta hai","not offensive"
"arey thoda commitment rakh yaar","not offensive"
"tu toh full last minute cancel wala hai","not offensive"
"bhai tu toh bilkul unreliable hai","not offensive"
"tu toh bolta hai aur bhool jaata hai","not offensive"
"haha tu toh full bhulakkad hai","not offensive"
"bhai tu toh bilkul time pe nahi aata","not offensive"
"tu toh hamesha late hi hota hai","not offensive"
"arey thoda jaldi uth yaar","not offensive"
"tu toh full sleepyhead hai sach mein","not offensive"
"bhai tu toh alarm snooze karta rehta hai","not offensive"
"tu toh subah uthne ka naam nahi leta","not offensive"
"haha tu toh full night owl hai","not offensive"
"bhai tu toh raat bhar jaagta hai","not offensive"
"tu toh bilkul vampire ban gaya","not offensive"
"arey thoda sona bhi seekh le","not offensive"
"tu toh full phone addict hai yaar","not offensive"
"bhai tu toh reel pe reel dekhta rehta hai","not offensive"
"tu toh Instagram ka slave ban gaya","not offensive"
"haha tu toh full scrolling machine hai","not offensive"
"bhai tu toh bilkul productive zero hai","not offensive"
"tu toh pura din phone pe laga rehta hai","not offensive"
"arey thoda kaam kar le yaar","not offensive"
"tu toh bilkul time waste kar raha hai","not offensive"
"bhai tu toh bilkul future ka sochta nahi","not offensive"
"tu toh aaj mein jee raha hai","not offensive"
"haha tu toh full chill life hai teri","not offensive"
"bhai tu toh bilkul tension free hai","not offensive"
"tu toh bolta hai kal dekhenge","not offensive"
"arey thoda plan kar future ka","not offensive"
"tu toh full aalsi insaan hai yaar","not offensive"
"bhai tu toh bilkul motivation zero hai","not offensive"
"tu toh bolta hai kal se gym jayenge","not offensive"
"haha tu toh kal se wala insaan hai","not offensive"
"bhai tu toh full procrastinator hai","not offensive"
"tu toh kaam ko kal pe taal deta hai","not offensive"
"arey thoda aaj se shuru kar","not offensive"
"tu toh full sapne dekhta hai bas","not offensive"
"bhai tu toh bilkul dreamer hai","not offensive"
"tu toh bolta hai bada aadmi banunga","not offensive"
"haha tu toh abhi tak wahi hai","not offensive"
"bhai tu toh bilkul same to same hai","not offensive"
"tu toh change hone ka naam nahi leta","not offensive"
"arey thoda improve kar yaar","not offensive"
"tu toh full stuck hai life mein","not offensive"
"bhai tu toh bilkul comfort zone ka king hai","not offensive"
"tu toh risk lene se darta hai","not offensive"
"haha tu toh full safe player hai","not offensive"
"bhai tu toh bilkul darpok hai thoda","not offensive"
"tu toh nayi cheez try nahi karta","not offensive"
"arey thoda adventure kar le","not offensive"
"tu toh bilkul ghar ka sher hai","not offensive"
"bhai tu toh bahar jaake fattu ho jaata hai","not offensive"
"tu toh bolta hai ghar best hai","not offensive"
"haha tu toh full susu baby ban gaya","not offensive"
"bhai tu toh bilkul mamma's boy hai","not offensive"
"tu toh bina mummy ke nahi reh sakta","not offensive"
"arey thoda independent ban ja","not offensive"
"tu toh full dependent hai abhi bhi","not offensive"
"bhai tu toh bilkul bacha hi reh gaya","not offensive"
"tu toh abhi bhi mummy se daant khata hai","not offensive"
"haha tu toh full cartoon dekhta hai kya","not offensive"
"bhai tu toh bilkul kiddo lag raha hai","not offensive"
"tu toh bolta hai bada ho gaya hu","not offensive"
"arey thoda mature ho ja yaar","not offensive"
"tu toh full childish hai abhi bhi","not offensive"
"bhai tu toh bilkul drama karta hai","not offensive"
"tu toh chhoti chhoti baat pe ro deta hai","not offensive"
"haha tu toh full nakhrila hai","not offensive"
"bhai tu toh bilkul nakhrila nawab hai","not offensive"
"tu toh bolta hai mood nahi hai","not offensive"
"arey mood bana le yaar","not offensive"
"tu toh full mood swing wala hai","not offensive"
"bhai tu toh bilkul ladki jaisa behave karta hai","not offensive"
"tu toh chhoti baat pe naraz ho jaata hai","not offensive"
"haha tu toh full sensitive hai yaar","not offensive"
"bhai tu toh bilkul glass heart hai","not offensive"
"tu toh joke bhi seriously le leta hai","not offensive"
"arey thoda chill kar bhai","not offensive"
"tu toh full overthinker hai yaar","not offensive"
"bhai tu toh raat bhar sochta rehta hai","not offensive"
"tu toh chhoti baat ka bada issue bana deta hai","not offensive"
"haha tu toh full tension king hai","not offensive"
"bhai tu toh bilkul free hai phir bhi tension leta hai","not offensive"
"tu toh bolta hai life kharab hai","not offensive"
"arey life mast hai yaar enjoy kar","not offensive"
"tu toh full negative vibe deta hai","not offensive"
"bhai tu toh bilkul pessimist ban gaya","not offensive"
"tu toh glass half empty wala hai","not offensive"
"haha tu toh full demotivate karta hai","not offensive"
"bhai tu toh bol sakta hai sab thik ho jayega","not offensive"
"tu toh full problem finder hai","not offensive"
"arey thoda solution soch yaar","not offensive"
"tu toh full complain box hai","not offensive"
"bhai tu toh bilkul shikayati patra hai","not offensive"
"tu toh har cheez mein problem dekhta hai","not offensive"
"haha tu toh full critic ban gaya","not offensive"
"bhai tu toh kisi ki tareef nahi karta","not offensive"
"tu toh bas burai hi karta rehta hai","not offensive"
"bhai tu toh full jealous hai yaar",not offensive
"tu toh dusron ki success nahi dekhta",not offensive
"arey khush reh na yaar",not offensive
"tu toh full attitude dikha raha hai",not offensive
"bhai tu toh thoda ego side rakh",not offensive
"tu toh bolta hai main best hu",not offensive
"haha tu toh full overconfident hai",not offensive
"bhai thoda zameen pe aa ja",not offensive
"tu toh sapno mein jee raha hai",not offensive
"arey reality check kar le",not offensive
"tu toh full daydreamer hai",not offensive
"bhai tu toh bolta hai kal se shuru",not offensive
"tu toh full future tense mein jeeta hai",not offensive
"haha tu toh kal ka kal dekhega",not offensive
"bhai tu toh full planner hai bas plan hi banata hai",not offensive
"tu toh execution zero hai",not offensive
"arey thoda action le yaar",not offensive
"tu toh full bakchodi karta hai",not offensive
"bhai tu toh bolta bahut hai karta kuch nahi",not offensive
"tu toh full bakbak machine hai",not offensive
"haha tu toh full baklol gang leader hai",not offensive
"bhai tu toh group ka entertainer hai",not offensive
"tu toh joke mar ke hasa deta hai",not offensive
"arey tu toh full masti khor hai",not offensive
"tu toh full timepass king hai",not offensive
"bhai tu toh bilkul chill hai yaar",not offensive
"tu toh tension nahi leta kisi cheez ka",not offensive
"haha tu toh full bindass hai",not offensive
"bhai tu toh life enjoy kar raha hai",not offensive
"tu toh bolta hai paisa aayega jaayega",not offensive
"arey tu toh full philosopher ban gaya",not offensive
"tu toh full gyaan pel deta hai",not offensive
"bhai tu toh guru banne chala hai",not offensive
"tu toh bolta hai main sab jaanta hu",not offensive
"haha tu toh full Wikipedia hai",not offensive
"bhai tu toh Google se bhi tez hai",not offensive
"tu toh har cheez ka answer deta hai",not offensive
"arey thoda sun bhi liya kar",not offensive
"tu toh full bakbak hi karta hai",not offensive
"bhai tu toh bolta hai main shant hu",not offensive
"tu toh gusse mein bhi nahi aata",not offensive
"haha tu toh full Buddha ban gaya",not offensive
"bhai tu toh gussa hi nahi karta",not offensive
"tu toh bolta hai sab thik hai",not offensive
"arey tu toh full positive vibe hai",not offensive
"tu toh har cheez mein khushi dhundh leta hai",not offensive
"bhai tu toh bilkul sorted hai yaar",not offensive
"tu toh life ka full mazaa le raha hai",not offensive
"haha tu toh full rockstar hai bhai",not offensive
"bhai tu toh dil jeet leta hai",not offensive
"tu toh sabka favourite hai yaar",not offensive
"arey tu toh group ka star hai",not offensive
"tu toh full charming hai bhai",not offensive
"bhai tu toh bilkul mast banda hai",not offensive
"tu toh sabko hasa deta hai",not offensive
"arey tu toh full mazaakiya hai",not offensive
"tu toh joke sunata hai toh pet dukh jaata hai",not offensive
"haha tu toh full comedy king hai",not offensive
"bhai tu toh standup kar sakta hai",not offensive
"tu toh full entertainer hai yaar",not offensive
"arey tu toh party ki jaan hai",not offensive
"tu toh bina tere party adhuri hai",not offensive
"bhai tu toh full vibe hai",not offensive
"tu toh music on karta hai toh mood ban jaata hai",not offensive
"haha tu toh full DJ wala feel deta hai",not offensive
"bhai tu toh bilkul perfect dost hai",not offensive
"tu toh hamesha saath deta hai",not offensive
"arey tu toh real bhai hai yaar",not offensive
"tu toh kabhi dhokha nahi deta",not offensive
"bhai tu toh dil ka saaf hai",not offensive
"tu toh sach bolta hai hamesha",not offensive
"haha tu toh full honest hai",not offensive
"bhai tu toh bilkul genuine hai",not offensive
"tu toh fake nahi ban sakta",not offensive
"arey tu toh asli cheez hai yaar",not offensive
"tu toh dil se dil tak jaata hai",not offensive
"bhai tu toh respect deserve karta hai",not offensive
"tu toh hamesha respect deta hai",not offensive
"haha tu toh full gentleman hai",not offensive
"bhai tu toh bilkul class hai",not offensive
"tu toh sabki izzat karta hai",not offensive
"arey tu toh perfect insaan hai yaar",not offensive
"tu toh kabhi galat nahi karta",not offensive
"bhai tu toh bilkul seedha saadha hai",not offensive
"tu toh dil ka sachcha hai",not offensive
"haha tu toh full desi swag hai",not offensive
"bhai tu toh bilkul apna banda hai",not offensive
"tu toh hamesha yaad rahega yaar",not offensive
"arey tu toh legend hai bhai",not offensive
"tu toh dil jeet leta hai sabka",not offensive
"bhai tu toh real hero hai",not offensive
"tu toh kabhi haar nahi manta",not offensive
"haha tu toh fighter hai yaar",not offensive
"bhai tu toh never give up wala hai",not offensive
"tu toh mushkil mein bhi muskurata hai",not offensive
"arey tu toh inspiration hai bhai",not offensive
"tu toh sabko motivate karta hai",not offensive
"bhai tu toh bilkul rock hai",not offensive
"tu toh life ka mazaa le raha hai",not offensive
"arey tu toh full live in the moment hai",not offensive
"tu toh har pal enjoy karta hai",not offensive
"bhai tu toh bilkul mast hai yaar",not offensive
"tu toh dil khol ke jeeta hai",not offensive
"haha tu toh full king hai bhai",not offensive
"bhai tu toh dil se king hai",not offensive
"tu toh sabka bhai hai yaar",not offensive
"arey tu toh number one hai",not offensive
"tu toh hamesha top pe rahega",not offensive
"bhai tu toh future bright hai",not offensive
"tu toh ek din bada aadmi banega",not offensive
"haha tu toh full star banega",not offensive
"bhai tu toh bilkul champion hai",not offensive
"tu toh sabko peeche chhod dega",not offensive
"arey tu toh bilkul alag level hai",not offensive
"tu toh full talented hai yaar",not offensive
"bhai tu toh multi-talented hai",not offensive
"tu toh kuch bhi kar sakta hai",not offensive
"haha tu toh full package hai",not offensive
"bhai tu toh perfect dost perfect insaan",not offensive
"tu toh hamesha yaad rahega bhai",not offensive
"arey tu toh best hai mere liye",not offensive
"bhai tu toh walking excuse machine ban gaya hai",not offensive
"arey kal se pakka gym ja raha hu swear",not offensive
"tu toh bolta hai diet pe hu phir 3 pizza kha leta hai",not offensive
"bhai tu toh full motivational speaker ban gaya reel pe",not offensive
"tu toh subah 6 baje uthne ka sapna dekhta hai",not offensive
"arey tu toh alarm ka baap hai snooze karne mein",not offensive
"tu toh bolta hai aaj se padhunga phir Netflix on",not offensive
"bhai tu toh full planner hai execution zero",not offensive
"tu toh resume mein NASA likhta hai experience zero",not offensive
"arey tu toh LinkedIn pe Einstein lagta hai",not offensive
"tu toh bolta hai startup karunga phir mummy se paise mangta hai",not offensive
"bhai tu toh future billionaire in loading since 2015",not offensive
"tu toh full visionary hai vision zero",not offensive
"arey tu toh sapno ka raja hai reality ka bhikhari",not offensive
"tu toh bolta hai main introvert hu phir 200 logon ke group mein active",not offensive
"bhai tu toh silent lover category mein world champion hai",not offensive
"tu toh crush ko good morning bolne mein 3 saal laga deta hai",not offensive
"arey tu toh propose karne se pehle block kar deta hai",not offensive
"tu toh full Romeo hai message seen karke ignore karta hai",not offensive
"bhai tu toh single hi mar jayega itna attitude mat dikha",not offensive
"tu toh bolta hai ladkiyaan peeche padi hai phir bio mein single likha hai",not offensive
"arey tu toh full flirt hai emoji se hi dil jeet leta hai",not offensive
"tu toh good night bolke 4 baje tak online rehta hai",not offensive
"bhai tu toh reel pe dance karta hai real mein pair tut jaate hain",not offensive
"tu toh bolta hai main dancer hu phir thumka lagate hi gir jaata hai",not offensive
"arey tu toh full Shahrukh Khan fan hai acting zero",not offensive
"tu toh mirror mein pose maar ke reel banata hai",not offensive
"bhai tu toh full influencer banne chala hai follower 43",not offensive
"tu toh caption mein deep likhta hai dimag khali",not offensive
"arey tu toh gym selfie daalta hai protein shake paani hota hai",not offensive
"tu toh bolta hai 6 pack bana raha hu tummy 6 month se same",not offensive
"bhai tu toh full beard rakh ke manly lagta hai andar se nanha sa",not offensive
"tu toh height badhane ka powder mangwata hai Amazon se",not offensive
"arey tu toh fairness cream lagake SRK banne chala hai",not offensive
"tu toh bolta hai main fair hu lighting ka kamaal hai",not offensive
"bhai tu toh full poet ban gaya hai shayari chatgpt se",not offensive
"tu toh love shayari status lagata hai girlfriend nahi hoti",not offensive
"arey tu toh full philosopher hai gyaan free mein pelta hai",not offensive
"tu toh bolta hai life ek safar hai phir bike bhi nahi hai",not offensive
"bhai tu toh full traveller ban gaya background bedroom ka",not offensive
"tu toh goa ka plan banata hai pocket mein 500 rupaye",not offensive
"arey tu toh party animal hai ghar pe akela pizza kha raha",not offensive
"tu toh bolta hai main party karunga phir 10 baje so jaata hai",not offensive
"bhai tu toh full night owl hai subah uth nahi pata",not offensive
"tu toh coffee peete hi Elon Musk ban jaata hai",not offensive
"arey tu toh chai peeke bhi motivational speech deta hai",not offensive
"tu toh bolta hai main entrepreneur hu dukaan papa ki",not offensive
"bhai tu toh full CEO of sleeping",not offensive
"tu toh meeting mein boss ke saamne so jaata hai",not offensive
"arey tu toh bolta hai main hardworking hu phir 2 baje tak sota hai",not offensive
"tu toh office mein chai peeke revolution laane chala hai",not offensive
"bhai tu toh full corporate slave hai weekend ka wait karta hai",not offensive
"tu toh monday ko gaali deta hai friday ko pyar",not offensive
"arey tu toh weekend pe plan banata hai phir bed pe pada rehta hai",not offensive
"tu toh bolta hai aaj productive day phir 10 reel dekhta hai",not offensive
"bhai tu toh full to-do list banata hai kuch tick nahi karta",not offensive
"tu toh kal se karunga wale insaan ka world record holder hai",not offensive
"arey tu toh bolta hai aaj se naya start phir kal repeat",not offensive
"tu toh full new year resolution january mein hi tod deta hai",not offensive
"bhai tu toh diet 1 january se 2 january tak kriyo",not offensive
"tu toh bolta hai main fitness freak hu phir lift nahi chadta",not offensive
"arey tu toh stairs dekh ke sad ho jaata hai",not offensive
"tu toh bolta hai main runner hu phir dog bhaag jaaye toh ruk jaata hai",not offensive
"bhai tu toh full gamer hai padhai zero",not offensive
"tu toh PUBG khel ke sochta hai army join kar lega",not offensive
"arey tu toh free fire khel ke commando banne chala hai",not offensive
"tu toh bolta hai main pro gamer hu rank bronze",not offensive
"bhai tu toh reel pe slow motion chal ke hero lagta hai",not offensive
"tu toh mirror mein dekh ke apne aap ko good morning bolta hai",not offensive
"arey tu toh full narcissist hai selfie 150 leti hai ek acchi ke liye",not offensive
"tu toh bolta hai main simple hu phir branded kapde pehenta hai",not offensive
"bhai tu toh full fake accent mein baat karta hai",not offensive
"tu toh hello hi bol ke angrezi sikha deta hai",not offensive
"arey tu toh bolta hai main desi hu phir Starbucks jaata hai",not offensive
"tu toh cold coffee order karke garam maangta hai",not offensive
"bhai tu toh full confused soul hai",not offensive
"arey tu toh swiggy se diet food order karta hai phir coke add kar deta hai",not offensive
"tu toh bolta hai main budget pe hu phir iPhone 16 le aata hai",not offensive
"bhai tu toh full EMI king hai",not offensive
"tu toh bolta hai main saving kar raha hu phir sale mein uda deta hai",not offensive
"arey tu toh flipkart sale ka national animal hai",not offensive
"tu toh bolta hai main minimalist hu almari full",not offensive
"bhai tu toh full shopaholic hai bolta hai sirf dekh raha hu",not offensive
"tu toh mall mein ghumta hai pocket mein 200 rupaye",not offensive
"arey tu toh window shopping ka world champion hai",not offensive
"tu toh bolta hai main brand conscious hu phir first copy pehenta hai",not offensive
"bhai tu toh full attitude hai dimag nahi",not offensive
"tu toh bike pe silencer laga ke sher ban jaata hai",not offensive
"arey tu toh bolta hai meri bike modified hai silencer hi badla hai",not offensive
"tu toh gaadi chalate hi DJ ban jaata hai",not offensive
"bhai tu toh full bass boosted gaane sunta hai kan phodne ke liye",not offensive
"tu toh bolta hai mere paas gaadi hai scooty hai",not offensive
"arey tu toh scooty pe bhi race lagata hai",not offensive
"tu toh signal pe khada hoke hero banne ki acting karta hai",not offensive
"bhai tu toh full road ka raja hai doosron ka signal todta hai",not offensive
"tu toh bolta hai main safe driver hu phir helmet nahi pehenta",not offensive
"arey tu toh helmet ke bina cool lagta hai dimag ke bina",not offensive
"tu toh bolta hai main punctual hu phir hamesha late",not offensive
"bhai tu toh full time ka dushman hai",not offensive
"tu toh bolta hai 5 minute mein aa raha hu 50 minute baad aata hai",not offensive
"arey tu toh indian standard time ka brand ambassador hai",not offensive
"tu toh bolta hai abhi nikla 2 ghante baad ghar pe",not offensive
"bhai tu toh full fashion icon hai kapde repeat karta hai",not offensive
"tu toh bolta hai ye vintage hai purana hai",not offensive
"arey tu toh laundry ka dushman hai mahine mein ek baar dhulta hai",not offensive
"tu toh bolta hai perfume lagaya hai pasine ki khushbu",not offensive
"bhai tu toh full deo king hai 3 deo lagata hai",not offensive
"tu toh bolta hai main natural hu phir fair & handsome lagata hai",not offensive
"arey tu toh beard oil lagake sher banne ki koshish karta hai",not offensive
"tu toh bolta hai main gym jaata hu protein shake boost hai",not offensive
"bhai tu toh full six pack dream tummy full pack",not offensive
"tu toh bolta hai main vegetarian hu phir chicken kha leta hai",not offensive
"arey tu toh diet pe hu phir biryani order karta hai",not offensive
"tu toh bolta hai main teetotaller hu phir thodi si pee leta hai",not offensive
"bhai tu toh full sharaabi hai bolta hai sirf weekend",not offensive
"tu toh weekend pe bolta hai aaj nahi pee raha phir 10 peg",not offensive
"arey tu toh peg measure karta hai glass se",not offensive
"tu toh bolta hai main control mein hu phir nashe mein gaali deta hai",not offensive
"bhai tu toh full dramebaaz hai bolta hai main shant hu",not offensive
"tu toh chhoti baat pe bada scene create karta hai",not offensive
"arey tu toh group ka official nakhrila member hai",not offensive
"tu toh mood nahi hai bolke party cancel karwa deta hai",not offensive
"bhai tu toh full mood swing wala package hai",not offensive
"tu toh bolta hai aaj happy hu phir 2 minute baad sad",not offensive
"arey tu toh bolta hai main mature hu phir cartoon dekhta hai",not offensive
"tu toh shinchan ka sabse bada fan hai",not offensive
"bhai tu toh doraemon se pocket maangta hai",not offensive
"tu toh bolta hai main bada ho gaya hu phir mummy se daant khata hai",not offensive
"arey tu toh full mamma's boy category topper hai",not offensive
"tu toh bina mummy ke khana nahi kha sakta",not offensive
"bhai tu toh mummy ke saamne sher ghar mein chuha",not offensive
"tu toh bolta hai main independent hu phir pocket money mangta hai",not offensive
"arey tu toh full dependent category ka CEO hai",not offensive
"tu toh bolta hai main adult hu phir mummy se permission leta hai",not offensive
"bhai tu toh abhi bhi pocket money se guzaara karta hai",not offensive
"tu toh bolta hai main earning kar raha hu youtube se 4 rupaye aaye",not offensive
"arey tu toh bolta hai main content creator hu content copy paste",not offensive
"tu toh bolta hai mera channel grow hoga 2 saal se 100 subscriber",not offensive
"bhai tu toh full youtuber banne chala hai camera nahi hai",not offensive
"tu toh mobile se 4k video banata hai quality 480p",not offensive
"arey tu toh bolta hai main editor hu canva use karta hai",not offensive
"tu toh thumbnail pe clickbait lagata hai views nahi aate",not offensive
"bhai tu toh full dreamer hai sapne dekhne mein world champion",not offensive
"tu toh bolta hai ek din ameer banunga phir sota rehta hai",not offensive
"arey tu toh motivation sunta hai phir bed pe pada rehta hai",not offensive
"tu toh bolta hai main hustler hu hustle sirf sapne mein",not offensive
"bhai tu toh full inspiration hai doosron ke liye warning",not offensive
"tu toh bolta hai main alag hu phir sabke jaisa hi hai",not offensive
"arey tu toh unique bolta hai phir trend follow karta hai",not offensive
"tu toh bolta hai main different hu phir same template use karta hai",not offensive
"bhai tu toh full confused generation ka representative hai",not offensive
"tu toh bolta hai main sorted hu life full mess",not offensive
"arey tu toh bolta hai tension nahi leta phir raat bhar overthink karta hai",not offensive
"tu toh bolta hai main chill hu phir chhoti baat pe bhadak jaata hai",not offensive
"bhai tu toh full hypocrite package hai",not offensive
"tu toh bolta hai main honest hu phir jhooth bolta hai",not offensive
"arey tu toh sach bolta hai phir convenience ke hisaab se",not offensive
"tu toh bolta hai main loyal hu phir 10 crush",not offensive
"bhai tu toh full commitment phobic hai",not offensive
"tu toh bolta hai main serious relationship chahta hu phir ghost karta hai",not offensive
"arey tu toh full red flag hai bolta hai green forest hu",not offensive
"tu toh bolta hai main gemini hu phir cancer wala drama karta hai",not offensive
"bhai tu toh zodiac sign pe blame daalta hai galtiyaan apni",not offensive
"tu toh bolta hai mercury retrograde ki wajah se late hu",not offensive
"arey tu toh astrology pe bharosa karta hai padhai pe nahi",not offensive
"tu toh bolta hai mera luck kharab hai mehnat zero",not offensive
"bhai tu toh full superstitious hai kaala billi dekh ke ghar wapas",not offensive
"tu toh bolta hai main rational hu phir taweez pehenta hai",not offensive
"arey tu toh lemon mirchi latka ke nazar utarta hai",not offensive
"tu toh bolta hai main modern hu phir shaadi ke liye kundli milata hai",not offensive
"bhai tu toh full confused desi hai",not offensive
"tu toh bolta hai arranged love dono chahta hai",not offensive
"arey tu toh shaadi ke liye ladki dekh raha phir bio mein single",not offensive
"tu toh bolta hai main settled hu ghar maa ke paas",not offensive
"bhai tu toh full family man banne chala abhi single",not offensive
"tu toh bolta hai main responsible hu phir bill mummy bhar deti hai",not offensive
"arey tu toh future mein perfect husband banega abhi perfect chuha",not offensive
"tu toh bolta hai ladkiyaan materialistic hoti hai phir khud iPhone maangta hai",not offensive
"bhai tu toh full comedy ka thela hai",not offensive
"tu toh bolta hai main sarcastic hu phir log serious le lete hain",not offensive
"arey tu toh sarcasm ka raja hai samajhdaar zero",not offensive
"tu toh joke marta hai phir khud pe hans padta hai",not offensive
"bhai tu toh full standup material hai khud ko serious leta hai",not offensive
"tu toh bolta hai main cool hu phir mummy se darrta hai",not offensive
"arey tu toh ghar mein sher bahar billi",not offensive
"tu toh bolta hai main alpha male hu phir reel pe beta dance",not offensive
"bhai tu toh full sigma male banne chala sigma zero",not offensive
"tu toh andrew tate ke video dekh ke sher ban jaata hai",not offensive
"arey tu toh bolta hai main high value man hu value 420",not offensive
"tu toh bolta hai ladkiyaan peeche padi hain follower 12 ladkiyaan",not offensive
"bhai tu toh full delusion ka dukaan hai",not offensive
"tu toh bolta hai main different hu phir herd mentality",not offensive
"arey tu toh trend follow karta hai bolta hai main trendsetter",not offensive
"tu toh reel banata hai views maangta hai dua se",not offensive
"bhai tu toh full beggar of validation hai",not offensive
"tu toh like comment share bolta hai khud post nahi karta",not offensive
"arey tu toh motivation deta hai khud demotivated",not offensive
"tu toh bolta hai main positive hu phir negative vibe",not offensive
"bhai tu toh full walking contradiction hai",not offensive
"tu toh bolta hai main simple hu phir complicated ban jaata hai",not offensive
"arey tu toh life mein full entertaining hai seriously",not offensive
"tu toh dost hai isliye bardaasht kar lete hain",not offensive
"bhai tu toh full entertainment package hai free mein",not offensive
"tu toh bina bole bhi hasa deta hai",not offensive
"arey tu toh group ka official bakchod certified hai",not offensive
"tu toh bolta hai main bakchod nahi hu phir 24 ghante bakchodi",not offensive
"bhai tu toh full time bakchod part time insaan",not offensive
"tu toh bakchodi mein PhD kar raha hai",not offensive
"arey tu toh bakchodi ka national award jeet chuka hai",not offensive
"tu toh serious baat mein bhi mazaak nikaal deta hai",not offensive
"bhai tu toh hasi ka thela hai kabhi khali nahi hota",not offensive
"tu toh dost hai isliye pyaar se bol rahe hain warna",not offensive
"arey tu toh full legendary baklol hai yaar",not offensive
"tu toh group mein hoga toh kabhi bore nahi honge",not offensive
"bhai tu toh full mazedaar insaan hai dil se",not offensive
"tu toh sach mein ek number hai bhai",not offensive
"arey tu bina tere group adhoora hai yaar",not offensive
"tu toh real wala dost hai bhai respect",not offensive
"bhai tu toh dil jeet leta hai apni bakchodi se",not offensive
"tu toh hasi ka bomb hai kabhi bhi phat jaata hai",not offensive
"arey tu toh full on entertainment guaranteed",not offensive
"tu toh sach mein bhai hai bhai",not offensive
"bhai tu toh legend hai legend",not offensive
"tu toh dil se dil tak jaata hai yaar",not offensive
"arey tu toh mera real bhai hai",not offensive
"tu toh hamesha yaad rahega bhai",not offensive
"bhai tu toh best hai mere liye",not offensive